Actual AQI,Predicted AQI
3.0,2.8699675
2.0,2.739957
2.0,2.804892
3.0,2.84521
3.0,2.7924745
5.0,2.758211
